Start word,Number of won games,Total games,Percentage of won games,Average number of rounds
brand,2312,2314,99.91,3.64
spend,2312,2314,99.91,3.65
spawn,2312,2314,99.91,3.68
blimp,2312,2314,99.91,3.69
plumb,2312,2314,99.91,3.72
tribe,2311,2314,99.87,3.59
crisp,2311,2314,99.87,3.60
grasp,2311,2314,99.87,3.65
ralph,2311,2314,99.87,3.66
morph,2311,2314,99.87,3.69
champ,2311,2314,99.87,3.71
flack,2311,2314,99.87,3.73
lymph,2311,2314,99.87,3.78
plied,2310,2314,99.83,3.61
stand,2310,2314,99.83,3.62
cloth,2310,2314,99.83,3.64
blend,2310,2314,99.83,3.65
fecal,2310,2314,99.83,3.66
chasm,2310,2314,99.83,3.67
crawl,2310,2314,99.83,3.67
pound,2310,2314,99.83,3.68
prawn,2310,2314,99.83,3.68
climb,2310,2314,99.83,3.69
scowl,2310,2314,99.83,3.69
balmy,2310,2314,99.83,3.71
mulch,2310,2314,99.83,3.71
swarm,2310,2314,99.83,3.71
crumb,2310,2314,99.83,3.72
flick,2310,2314,99.83,3.75
belly,2310,2314,99.83,3.85
blast,2309,2314,99.78,3.59
clasp,2309,2314,99.78,3.59
spiel,2309,2314,99.78,3.60
peril,2309,2314,99.78,3.61
scalp,2309,2314,99.78,3.61
plaid,2309,2314,99.78,3.62
solid,2309,2314,99.78,3.62
basil,2309,2314,99.78,3.63
blade,2309,2314,99.78,3.63
bland,2309,2314,99.78,3.63
blond,2309,2314,99.78,3.63
clang,2309,2314,99.78,3.63
spoil,2309,2314,99.78,3.63
prism,2309,2314,99.78,3.64
rapid,2309,2314,99.78,3.64
shoal,2309,2314,99.78,3.64
slurp,2309,2314,99.78,3.64
abled,2309,2314,99.78,3.65
robin,2309,2314,99.78,3.65
slump,2309,2314,99.78,3.66
prank,2309,2314,99.78,3.67
sumac,2309,2314,99.78,3.67
brash,2309,2314,99.78,3.68
clump,2309,2314,99.78,3.68
madly,2309,2314,99.78,3.69
prowl,2309,2314,99.78,3.69
burly,2309,2314,99.78,3.70
shawl,2309,2314,99.78,3.70
amply,2309,2314,99.78,3.71
hotly,2309,2314,99.78,3.71
moldy,2309,2314,99.78,3.71
punch,2309,2314,99.78,3.71
brisk,2309,2314,99.78,3.72
thump,2309,2314,99.78,3.72
below,2309,2314,99.78,3.73
swami,2309,2314,99.78,3.73
flock,2309,2314,99.78,3.75
pixel,2309,2314,99.78,3.75
spell,2309,2314,99.78,3.76
imbue,2309,2314,99.78,3.77
speed,2309,2314,99.78,3.78
wreck,2309,2314,99.78,3.78
nymph,2309,2314,99.78,3.81
bloom,2309,2314,99.78,3.82
cliff,2309,2314,99.78,3.84
bosom,2309,2314,99.78,3.86
jumbo,2309,2314,99.78,3.90
print,2308,2314,99.74,3.57
talon,2308,2314,99.74,3.57
crept,2308,2314,99.74,3.60
ripen,2308,2314,99.74,3.61
sloth,2308,2314,99.74,3.61
solar,2308,2314,99.74,3.61
scrap,2308,2314,99.74,3.62
strap,2308,2314,99.74,3.62
tepid,2308,2314,99.74,3.62
timer,2308,2314,99.74,3.62
brain,2308,2314,99.74,3.63
claim,2308,2314,99.74,3.63
copse,2308,2314,99.74,3.63
party,2308,2314,99.74,3.63
scald,2308,2314,99.74,3.63
scope,2308,2314,99.74,3.63
panic,2308,2314,99.74,3.64
spied,2308,2314,99.74,3.64
amble,2308,2314,99.74,3.65
basin,2308,2314,99.74,3.65
blind,2308,2314,99.74,3.65
broil,2308,2314,99.74,3.65
cloud,2308,2314,99.74,3.65
fault,2308,2314,99.74,3.65
psalm,2308,2314,99.74,3.65
sadly,2308,2314,99.74,3.65
spurn,2308,2314,99.74,3.65
waist,2308,2314,99.74,3.65
cleft,2308,2314,99.74,3.66
impel,2308,2314,99.74,3.66
marsh,2308,2314,99.74,3.66
scamp,2308,2314,99.74,3.66
sharp,2308,2314,99.74,3.66
clown,2308,2314,99.74,3.67
drawl,2308,2314,99.74,3.67
smith,2308,2314,99.74,3.67
spank,2308,2314,99.74,3.67
spray,2308,2314,99.74,3.67
trump,2308,2314,99.74,3.67
build,2308,2314,99.74,3.68
lunch,2308,2314,99.74,3.68
plank,2308,2314,99.74,3.68
snack,2308,2314,99.74,3.68
bilge,2308,2314,99.74,3.69
logic,2308,2314,99.74,3.69
trunk,2308,2314,99.74,3.69
wince,2308,2314,99.74,3.69
blush,2308,2314,99.74,3.70
brush,2308,2314,99.74,3.70
brown,2308,2314,99.74,3.71
limbo,2308,2314,99.74,3.71
handy,2308,2314,99.74,3.72
munch,2308,2314,99.74,3.73
block,2308,2314,99.74,3.74
lumpy,2308,2314,99.74,3.74
chump,2308,2314,99.74,3.75
skimp,2308,2314,99.74,3.75
wrack,2308,2314,99.74,3.75
filmy,2308,2314,99.74,3.76
spool,2308,2314,99.74,3.76
thumb,2308,2314,99.74,3.76
wharf,2308,2314,99.74,3.78
gumbo,2308,2314,99.74,3.79
bless,2308,2314,99.74,3.80
comfy,2308,2314,99.74,3.80
whack,2308,2314,99.74,3.82
whisk,2308,2314,99.74,3.82
swell,2308,2314,99.74,3.83
dwell,2308,2314,99.74,3.84
plump,2308,2314,99.74,3.84
lobby,2308,2314,99.74,3.87
bluff,2308,2314,99.74,3.89
tripe,2307,2314,99.70,3.56
salon,2307,2314,99.70,3.58
splat,2307,2314,99.70,3.58
table,2307,2314,99.70,3.58
close,2307,2314,99.70,3.59
crust,2307,2314,99.70,3.59
paste,2307,2314,99.70,3.59
snarl,2307,2314,99.70,3.59
trash,2307,2314,99.70,3.60
cream,2307,2314,99.70,3.61
motel,2307,2314,99.70,3.61
snipe,2307,2314,99.70,3.61
spent,2307,2314,99.70,3.61
spine,2307,2314,99.70,3.61
boast,2307,2314,99.70,3.62
brine,2307,2314,99.70,3.62
craft,2307,2314,99.70,3.62
prune,2307,2314,99.70,3.62
smote,2307,2314,99.70,3.62
spade,2307,2314,99.70,3.62
tramp,2307,2314,99.70,3.62
blame,2307,2314,99.70,3.63
latch,2307,2314,99.70,3.63
maple,2307,2314,99.70,3.63
staid,2307,2314,99.70,3.63
trawl,2307,2314,99.70,3.63
ample,2307,2314,99.70,3.64
baton,2307,2314,99.70,3.64
blunt,2307,2314,99.70,3.64
clash,2307,2314,99.70,3.64
crimp,2307,2314,99.70,3.64
labor,2307,2314,99.70,3.64
scram,2307,2314,99.70,3.64
storm,2307,2314,99.70,3.64
brunt,2307,2314,99.70,3.65
clamp,2307,2314,99.70,3.65
cramp,2307,2314,99.70,3.65
frond,2307,2314,99.70,3.65
rabid,2307,2314,99.70,3.65
scold,2307,2314,99.70,3.65
serif,2307,2314,99.70,3.65
tardy,2307,2314,99.70,3.65
topic,2307,2314,99.70,3.65
clank,2307,2314,99.70,3.66
crank,2307,2314,99.70,3.66
daily,2307,2314,99.70,3.66
porch,2307,2314,99.70,3.66
raspy,2307,2314,99.70,3.66
sprig,2307,2314,99.70,3.66
drank,2307,2314,99.70,3.67
drawn,2307,2314,99.70,3.67
focal,2307,2314,99.70,3.67
fruit,2307,2314,99.70,3.67
march,2307,2314,99.70,3.67
plush,2307,2314,99.70,3.67
scrum,2307,2314,99.70,3.67
slick,2307,2314,99.70,3.67
swirl,2307,2314,99.70,3.67
twirl,2307,2314,99.70,3.67
wrath,2307,2314,99.70,3.67
basic,2307,2314,99.70,3.68
filth,2307,2314,99.70,3.68
manly,2307,2314,99.70,3.68
pinch,2307,2314,99.70,3.68
reply,2307,2314,99.70,3.68
badly,2307,2314,99.70,3.69
belch,2307,2314,99.70,3.69
flash,2307,2314,99.70,3.69
graph,2307,2314,99.70,3.69
midge,2307,2314,99.70,3.69
stump,2307,2314,99.70,3.69
swath,2307,2314,99.70,3.69
swept,2307,2314,99.70,3.69
wield,2307,2314,99.70,3.69
bowel,2307,2314,99.70,3.70
briny,2307,2314,99.70,3.70
godly,2307,2314,99.70,3.70
leafy,2307,2314,99.70,3.70
music,2307,2314,99.70,3.70
scrub,2307,2314,99.70,3.70
dimly,2307,2314,99.70,3.71
growl,2307,2314,99.70,3.71
harpy,2307,2314,99.70,3.71
nobly,2307,2314,99.70,3.71
plunk,2307,2314,99.70,3.71
shirk,2307,2314,99.70,3.71
spike,2307,2314,99.70,3.71
spoke,2307,2314,99.70,3.71
flank,2307,2314,99.70,3.72
flask,2307,2314,99.70,3.72
swamp,2307,2314,99.70,3.72
welsh,2307,2314,99.70,3.72
whirl,2307,2314,99.70,3.72
frisk,2307,2314,99.70,3.73
imply,2307,2314,99.70,3.73
rumba,2307,2314,99.70,3.73
salad,2307,2314,99.70,3.73
elbow,2307,2314,99.70,3.74
pubic,2307,2314,99.70,3.74
smock,2307,2314,99.70,3.74
speck,2307,2314,99.70,3.74
flunk,2307,2314,99.70,3.75
lynch,2307,2314,99.70,3.75
sloop,2307,2314,99.70,3.75
trust,2307,2314,99.70,3.75
small,2307,2314,99.70,3.76
umbra,2307,2314,99.70,3.76
belie,2307,2314,99.70,3.77
dumpy,2307,2314,99.70,3.77
newly,2307,2314,99.70,3.77
basal,2307,2314,99.70,3.78
bleed,2307,2314,99.70,3.78
bliss,2307,2314,99.70,3.78
smell,2307,2314,99.70,3.78
milky,2307,2314,99.70,3.79
scoop,2307,2314,99.70,3.79
bulky,2307,2314,99.70,3.81
gloom,2307,2314,99.70,3.81
spasm,2307,2314,99.70,3.81
twist,2307,2314,99.70,3.81
alpha,2307,2314,99.70,3.83
floss,2307,2314,99.70,3.83
sweep,2307,2314,99.70,3.84
swoop,2307,2314,99.70,3.84
billy,2307,2314,99.70,3.85
rabbi,2307,2314,99.70,3.85
spoof,2307,2314,99.70,3.85
hilly,2307,2314,99.70,3.87
filly,2307,2314,99.70,3.88
macaw,2307,2314,99.70,3.88
plane,2306,2314,99.65,3.57
spilt,2306,2314,99.65,3.57
cairn,2306,2314,99.65,3.58
coast,2306,2314,99.65,3.58
lapse,2306,2314,99.65,3.58
plant,2306,2314,99.65,3.58
shalt,2306,2314,99.65,3.58
slept,2306,2314,99.65,3.58
tapir,2306,2314,99.65,3.58
dance,2306,2314,99.65,3.59
smart,2306,2314,99.65,3.59
spelt,2306,2314,99.65,3.59
trend,2306,2314,99.65,3.59
plain,2306,2314,99.65,3.60
slope,2306,2314,99.65,3.60
spire,2306,2314,99.65,3.60
stain,2306,2314,99.65,3.60
stern,2306,2314,99.65,3.60
strip,2306,2314,99.65,3.60
cable,2306,2314,99.65,3.61
decal,2306,2314,99.65,3.61
metal,2306,2314,99.65,3.61
gland,2306,2314,99.65,3.62
moral,2306,2314,99.65,3.62
pecan,2306,2314,99.65,3.62
point,2306,2314,99.65,3.62
realm,2306,2314,99.65,3.62
scorn,2306,2314,99.65,3.62
smelt,2306,2314,99.65,3.62
smile,2306,2314,99.65,3.62
tulip,2306,2314,99.65,3.62
adept,2306,2314,99.65,3.63
cause,2306,2314,99.65,3.63
could,2306,2314,99.65,3.63
flirt,2306,2314,99.65,3.63
grand,2306,2314,99.65,3.63
noble,2306,2314,99.65,3.63
ranch,2306,2314,99.65,3.63
retch,2306,2314,99.65,3.63
thorn,2306,2314,99.65,3.63
cabin,2306,2314,99.65,3.64
caput,2306,2314,99.65,3.64
crash,2306,2314,99.65,3.64
model,2306,2314,99.65,3.64
shard,2306,2314,99.65,3.64
sonic,2306,2314,99.65,3.64
track,2306,2314,99.65,3.64
adopt,2306,2314,99.65,3.65
blurt,2306,2314,99.65,3.65
burnt,2306,2314,99.65,3.65
child,2306,2314,99.65,3.65
mason,2306,2314,99.65,3.65
modal,2306,2314,99.65,3.65
patch,2306,2314,99.65,3.65
prong,2306,2314,99.65,3.65
scour,2306,2314,99.65,3.65
croup,2306,2314,99.65,3.66
skirt,2306,2314,99.65,3.66
slack,2306,2314,99.65,3.66
towel,2306,2314,99.65,3.66
trick,2306,2314,99.65,3.66
twice,2306,2314,99.65,3.66
crump,2306,2314,99.65,3.67
delay,2306,2314,99.65,3.67
manic,2306,2314,99.65,3.67
mirth,2306,2314,99.65,3.67
piano,2306,2314,99.65,3.67
threw,2306,2314,99.65,3.67
bicep,2306,2314,99.65,3.68
coupe,2306,2314,99.65,3.68
crowd,2306,2314,99.65,3.68
depth,2306,2314,99.65,3.68
doubt,2306,2314,99.65,3.68
gaily,2306,2314,99.65,3.68
globe,2306,2314,99.65,3.68
niche,2306,2314,99.65,3.68
plume,2306,2314,99.65,3.68
rebus,2306,2314,99.65,3.68
stomp,2306,2314,99.65,3.68
vital,2306,2314,99.65,3.68
wiser,2306,2314,99.65,3.68
brawl,2306,2314,99.65,3.69
cavil,2306,2314,99.65,3.69
clink,2306,2314,99.65,3.69
dwelt,2306,2314,99.65,3.69
input,2306,2314,99.65,3.69
mogul,2306,2314,99.65,3.69
thrum,2306,2314,99.65,3.69
bench,2306,2314,99.65,3.70
brawn,2306,2314,99.65,3.70
loamy,2306,2314,99.65,3.70
mound,2306,2314,99.65,3.70
sword,2306,2314,99.65,3.70
viral,2306,2314,99.65,3.70
blown,2306,2314,99.65,3.71
halve,2306,2314,99.65,3.71
sigma,2306,2314,99.65,3.71
valid,2306,2314,99.65,3.71
vapor,2306,2314,99.65,3.71
would,2306,2314,99.65,3.71
aphid,2306,2314,99.65,3.72
blink,2306,2314,99.65,3.72
chalk,2306,2314,99.65,3.72
gulch,2306,2314,99.65,3.72
magic,2306,2314,99.65,3.72
pluck,2306,2314,99.65,3.72
tawny,2306,2314,99.65,3.72
finch,2306,2314,99.65,3.73
flung,2306,2314,99.65,3.73
flush,2306,2314,99.65,3.73
frown,2306,2314,99.65,3.73
hardy,2306,2314,99.65,3.73
phony,2306,2314,99.65,3.73
wench,2306,2314,99.65,3.73
bunch,2306,2314,99.65,3.74
dwarf,2306,2314,99.65,3.74
frock,2306,2314,99.65,3.74
class,2306,2314,99.65,3.75
downy,2306,2314,99.65,3.75
vapid,2306,2314,99.65,3.75
chunk,2306,2314,99.65,3.76
shuck,2306,2314,99.65,3.76
fleck,2306,2314,99.65,3.77
glyph,2306,2314,99.65,3.77
wispy,2306,2314,99.65,3.77
awful,2306,2314,99.65,3.78
blitz,2306,2314,99.65,3.78
blood,2306,2314,99.65,3.78
bylaw,2306,2314,99.65,3.78
fatal,2306,2314,99.65,3.78
pesky,2306,2314,99.65,3.78
rugby,2306,2314,99.65,3.78
truss,2306,2314,99.65,3.78
fence,2306,2314,99.65,3.79
lipid,2306,2314,99.65,3.79
pupil,2306,2314,99.65,3.80
slosh,2306,2314,99.65,3.80
swill,2306,2314,99.65,3.80
bible,2306,2314,99.65,3.82
lupus,2306,2314,99.65,3.82
musky,2306,2314,99.65,3.82
sorry,2306,2314,99.65,3.82
mucky,2306,2314,99.65,3.83
proof,2306,2314,99.65,3.83
qualm,2306,2314,99.65,3.83
civil,2306,2314,99.65,3.84
click,2306,2314,99.65,3.85
clock,2306,2314,99.65,3.86
spook,2306,2314,99.65,3.86
mambo,2306,2314,99.65,3.88
scoff,2306,2314,99.65,3.88
buxom,2306,2314,99.65,3.89
jumpy,2306,2314,99.65,3.91
buddy,2306,2314,99.65,3.92
humph,2306,2314,99.65,3.92
slant,2305,2314,99.61,3.54
leant,2305,2314,99.61,3.55
trice,2305,2314,99.61,3.55
caste,2305,2314,99.61,3.57
crest,2305,2314,99.61,3.58
pleat,2305,2314,99.61,3.58
scale,2305,2314,99.61,3.58
slain,2305,2314,99.61,3.58
slice,2305,2314,99.61,3.58
split,2305,2314,99.61,3.58
steal,2305,2314,99.61,3.58
penal,2305,2314,99.61,3.59
petal,2305,2314,99.61,3.59
sonar,2305,2314,99.61,3.59
space,2305,2314,99.61,3.59
camel,2305,2314,99.61,3.60
chart,2305,2314,99.61,3.60
resin,2305,2314,99.61,3.60
bloat,2305,2314,99.61,3.61
eclat,2305,2314,99.61,3.61
polar,2305,2314,99.61,3.61
spore,2305,2314,99.61,3.61
those,2305,2314,99.61,3.61
frost,2305,2314,99.61,3.62
pedal,2305,2314,99.61,3.62
recap,2305,2314,99.61,3.62
salty,2305,2314,99.61,3.62
sauce,2305,2314,99.61,3.62
slime,2305,2314,99.61,3.62
spice,2305,2314,99.61,3.62
wrist,2305,2314,99.61,3.62
acrid,2305,2314,99.61,3.63
chant,2305,2314,99.61,3.63
email,2305,2314,99.61,3.63
flint,2305,2314,99.61,3.63
loath,2305,2314,99.61,3.63
molar,2305,2314,99.61,3.63
palsy,2305,2314,99.61,3.63
pesto,2305,2314,99.61,3.63
pulse,2305,2314,99.61,3.63
shape,2305,2314,99.61,3.63
third,2305,2314,99.61,3.63
tiger,2305,2314,99.61,3.63
aloft,2305,2314,99.61,3.64
borne,2305,2314,99.61,3.64
built,2305,2314,99.61,3.64
burst,2305,2314,99.61,3.64
facet,2305,2314,99.61,3.64
float,2305,2314,99.61,3.64
frail,2305,2314,99.61,3.64
moult,2305,2314,99.61,3.64
singe,2305,2314,99.61,3.64
tubal,2305,2314,99.61,3.64
worst,2305,2314,99.61,3.64
braid,2305,2314,99.61,3.65
chain,2305,2314,99.61,3.65
chard,2305,2314,99.61,3.65
chose,2305,2314,99.61,3.65
lucid,2305,2314,99.61,3.65
nasty,2305,2314,99.61,3.65
rouse,2305,2314,99.61,3.65
scaly,2305,2314,99.61,3.65
stamp,2305,2314,99.61,3.65
bacon,2305,2314,99.61,3.66
chord,2305,2314,99.61,3.66
crush,2305,2314,99.61,3.66
final,2305,2314,99.61,3.66
graft,2305,2314,99.61,3.66
habit,2305,2314,99.61,3.66
mount,2305,2314,99.61,3.66
pansy,2305,2314,99.61,3.66
patsy,2305,2314,99.61,3.66
serum,2305,2314,99.61,3.66
stalk,2305,2314,99.61,3.66
birth,2305,2314,99.61,3.67
broth,2305,2314,99.61,3.67
cameo,2305,2314,99.61,3.67
crown,2305,2314,99.61,3.67
demon,2305,2314,99.61,3.67
ditch,2305,2314,99.61,3.67
drown,2305,2314,99.61,3.67
locus,2305,2314,99.61,3.67
mealy,2305,2314,99.61,3.67
micro,2305,2314,99.61,3.67
mourn,2305,2314,99.61,3.67
pitch,2305,2314,99.61,3.67
style,2305,2314,99.61,3.67
swine,2305,2314,99.61,3.67
tempo,2305,2314,99.61,3.67
candy,2305,2314,99.61,3.68
china,2305,2314,99.61,3.68
creak,2305,2314,99.61,3.68
dowel,2305,2314,99.61,3.68
froth,2305,2314,99.61,3.68
lurch,2305,2314,99.61,3.68
lusty,2305,2314,99.61,3.68
match,2305,2314,99.61,3.68
medic,2305,2314,99.61,3.68
month,2305,2314,99.61,3.68
poesy,2305,2314,99.61,3.68
prick,2305,2314,99.61,3.68
scarf,2305,2314,99.61,3.68
sinew,2305,2314,99.61,3.68
swore,2305,2314,99.61,3.68
sworn,2305,2314,99.61,3.68
aping,2305,2314,99.61,3.69
bring,2305,2314,99.61,3.69
caulk,2305,2314,99.61,3.69
glory,2305,2314,99.61,3.69
nomad,2305,2314,99.61,3.69
shift,2305,2314,99.61,3.69
syrup,2305,2314,99.61,3.69
blank,2305,2314,99.61,3.70
cloak,2305,2314,99.61,3.70
gamut,2305,2314,99.61,3.70
minus,2305,2314,99.61,3.70
mouth,2305,2314,99.61,3.70
viper,2305,2314,99.61,3.70
fluid,2305,2314,99.61,3.71
flume,2305,2314,99.61,3.71
motif,2305,2314,99.61,3.71
smack,2305,2314,99.61,3.71
smirk,2305,2314,99.61,3.71
tract,2305,2314,99.61,3.71
brick,2305,2314,99.61,3.72
dopey,2305,2314,99.61,3.72
human,2305,2314,99.61,3.72
polka,2305,2314,99.61,3.72
pouch,2305,2314,99.61,3.72
rival,2305,2314,99.61,3.72
shack,2305,2314,99.61,3.72
shown,2305,2314,99.61,3.72
aglow,2305,2314,99.61,3.73
derby,2305,2314,99.61,3.73
oaken,2305,2314,99.61,3.73
spill,2305,2314,99.61,3.73
voila,2305,2314,99.61,3.73
wagon,2305,2314,99.61,3.73
welch,2305,2314,99.61,3.73
witch,2305,2314,99.61,3.73
flown,2305,2314,99.61,3.74
mocha,2305,2314,99.61,3.74
shock,2305,2314,99.61,3.74
title,2305,2314,99.61,3.74
whelp,2305,2314,99.61,3.74
wound,2305,2314,99.61,3.74
nasal,2305,2314,99.61,3.75
preen,2305,2314,99.61,3.75
crass,2305,2314,99.61,3.76
droop,2305,2314,99.61,3.76
shall,2305,2314,99.61,3.76
adapt,2305,2314,99.61,3.77
foamy,2305,2314,99.61,3.77
glass,2305,2314,99.61,3.77
slash,2305,2314,99.61,3.77
spiky,2305,2314,99.61,3.77
curvy,2305,2314,99.61,3.78
hefty,2305,2314,99.61,3.78
opium,2305,2314,99.61,3.78
sally,2305,2314,99.61,3.78
trout,2305,2314,99.61,3.78
chill,2305,2314,99.61,3.79
gecko,2305,2314,99.61,3.79
flood,2305,2314,99.61,3.81
wimpy,2305,2314,99.61,3.81
booth,2305,2314,99.61,3.82
chili,2305,2314,99.61,3.82
krill,2305,2314,99.61,3.82
alibi,2305,2314,99.61,3.83
blurb,2305,2314,99.61,3.83
howdy,2305,2314,99.61,3.83
comic,2305,2314,99.61,3.84
photo,2305,2314,99.61,3.84
skull,2305,2314,99.61,3.84
mucus,2305,2314,99.61,3.85
fatty,2305,2314,99.61,3.86
hunch,2305,2314,99.61,3.86
folly,2305,2314,99.61,3.87
wooly,2305,2314,99.61,3.87
humus,2305,2314,99.61,3.89
slate,2304,2314,99.57,3.53
crane,2304,2314,99.57,3.55
train,2304,2314,99.57,3.55
stale,2304,2314,99.57,3.56
trail,2304,2314,99.57,3.56
cleat,2304,2314,99.57,3.57
dealt,2304,2314,99.57,3.57
lance,2304,2314,99.57,3.57
learn,2304,2314,99.57,3.57
place,2304,2314,99.57,3.57
plait,2304,2314,99.57,3.57
scant,2304,2314,99.57,3.57
trial,2304,2314,99.57,3.57
leapt,2304,2314,99.57,3.58
panel,2304,2314,99.57,3.58
price,2304,2314,99.57,3.58
rinse,2304,2314,99.57,3.58
spite,2304,2314,99.57,3.58
tread,2304,2314,99.57,3.58
truce,2304,2314,99.57,3.58
drain,2304,2314,99.57,3.59
drape,2304,2314,99.57,3.59
paint,2304,2314,99.57,3.59
prone,2304,2314,99.57,3.59
spare,2304,2314,99.57,3.59
crime,2304,2314,99.57,3.60
laden,2304,2314,99.57,3.60
meant,2304,2314,99.57,3.60
plier,2304,2314,99.57,3.60
risen,2304,2314,99.57,3.60
sedan,2304,2314,99.57,3.60
since,2304,2314,99.57,3.60
sport,2304,2314,99.57,3.60
brace,2304,2314,99.57,3.61
delta,2304,2314,99.57,3.61
haste,2304,2314,99.57,3.61
pilot,2304,2314,99.57,3.61
plead,2304,2314,99.57,3.61
posit,2304,2314,99.57,3.61
slang,2304,2314,99.57,3.61
slide,2304,2314,99.57,3.61
baste,2304,2314,99.57,3.62
clout,2304,2314,99.57,3.62
moist,2304,2314,99.57,3.62
poser,2304,2314,99.57,3.62
ramen,2304,2314,99.57,3.62
their,2304,2314,99.57,3.62
torus,2304,2314,99.57,3.62
draft,2304,2314,99.57,3.63
false,2304,2314,99.57,3.63
leach,2304,2314,99.57,3.63
relic,2304,2314,99.57,3.63
shorn,2304,2314,99.57,3.63
tonic,2304,2314,99.57,3.63
wrest,2304,2314,99.57,3.63
depot,2304,2314,99.57,3.64
gripe,2304,2314,99.57,3.64
mince,2304,2314,99.57,3.64
uncle,2304,2314,99.57,3.64
write,2304,2314,99.57,3.64
amend,2304,2314,99.57,3.65
debit,2304,2314,99.57,3.65
flame,2304,2314,99.57,3.65
force,2304,2314,99.57,3.65
macro,2304,2314,99.57,3.65
pasty,2304,2314,99.57,3.65
rifle,2304,2314,99.57,3.65
shied,2304,2314,99.57,3.65
skate,2304,2314,99.57,3.65
waste,2304,2314,99.57,3.65
chirp,2304,2314,99.57,3.66
crave,2304,2314,99.57,3.66
felon,2304,2314,99.57,3.66
flair,2304,2314,99.57,3.66
foist,2304,2314,99.57,3.66
gruel,2304,2314,99.57,3.66
ounce,2304,2314,99.57,3.66
perch,2304,2314,99.57,3.66
probe,2304,2314,99.57,3.66
proud,2304,2314,99.57,3.66
sandy,2304,2314,99.57,3.66
sperm,2304,2314,99.57,3.66
straw,2304,2314,99.57,3.66
valet,2304,2314,99.57,3.66
charm,2304,2314,99.57,3.67
curly,2304,2314,99.57,3.67
datum,2304,2314,99.57,3.67
denim,2304,2314,99.57,3.67
elfin,2304,2314,99.57,3.67
fable,2304,2314,99.57,3.67
incur,2304,2314,99.57,3.67
notch,2304,2314,99.57,3.67
rusty,2304,2314,99.57,3.67
salve,2304,2314,99.57,3.67
slung,2304,2314,99.57,3.67
world,2304,2314,99.57,3.67
worse,2304,2314,99.57,3.67
admin,2304,2314,99.57,3.68
bison,2304,2314,99.57,3.68
cumin,2304,2314,99.57,3.68
field,2304,2314,99.57,3.68
flute,2304,2314,99.57,3.68
forth,2304,2314,99.57,3.68
guild,2304,2314,99.57,3.68
media,2304,2314,99.57,3.68
navel,2304,2314,99.57,3.68
primo,2304,2314,99.57,3.68
shank,2304,2314,99.57,3.68
spiny,2304,2314,99.57,3.68
stark,2304,2314,99.57,3.68
clung,2304,2314,99.57,3.69
devil,2304,2314,99.57,3.69
dutch,2304,2314,99.57,3.69
hasty,2304,2314,99.57,3.69
knelt,2304,2314,99.57,3.69
rehab,2304,2314,99.57,3.69
slunk,2304,2314,99.57,3.69
soapy,2304,2314,99.57,3.69
stink,2304,2314,99.57,3.69
truck,2304,2314,99.57,3.69
binge,2304,2314,99.57,3.70
bound,2304,2314,99.57,3.70
brief,2304,2314,99.57,3.70
fling,2304,2314,99.57,3.70
shrew,2304,2314,99.57,3.70
spark,2304,2314,99.57,3.70
thank,2304,2314,99.57,3.70
whole,2304,2314,99.57,3.70
yield,2304,2314,99.57,3.70
album,2304,2314,99.57,3.71
black,2304,2314,99.57,3.71
fetch,2304,2314,99.57,3.71
ghoul,2304,2314,99.57,3.71
liver,2304,2314,99.57,3.71
ombre,2304,2314,99.57,3.71
spicy,2304,2314,99.57,3.71
vocal,2304,2314,99.57,3.71
whose,2304,2314,99.57,3.71
butch,2304,2314,99.57,3.72
lofty,2304,2314,99.57,3.72
musty,2304,2314,99.57,3.72
smoke,2304,2314,99.57,3.72
snuck,2304,2314,99.57,3.72
women,2304,2314,99.57,3.72
chief,2304,2314,99.57,3.73
crepe,2304,2314,99.57,3.73
fancy,2304,2314,99.57,3.73
giver,2304,2314,99.57,3.73
scuba,2304,2314,99.57,3.73
troll,2304,2314,99.57,3.73
vomit,2304,2314,99.57,3.73
creme,2304,2314,99.57,3.75
pasta,2304,2314,99.57,3.75
pence,2304,2314,99.57,3.75
wrung,2304,2314,99.57,3.75
banal,2304,2314,99.57,3.76
thyme,2304,2314,99.57,3.76
venom,2304,2314,99.57,3.76
virus,2304,2314,99.57,3.76
hymen,2304,2314,99.57,3.77
boost,2304,2314,99.57,3.78
extol,2304,2314,99.57,3.78
moron,2304,2314,99.57,3.78
pinky,2304,2314,99.57,3.78
woven,2304,2314,99.57,3.78
libel,2304,2314,99.57,3.79
bushy,2304,2314,99.57,3.80
iliac,2304,2314,99.57,3.80
sheep,2304,2314,99.57,3.80
sixth,2304,2314,99.57,3.80
sooth,2304,2314,99.57,3.80
dilly,2304,2314,99.57,3.82
groom,2304,2314,99.57,3.82
broom,2304,2314,99.57,3.83
delve,2304,2314,99.57,3.83
husky,2304,2314,99.57,3.83
proxy,2304,2314,99.57,3.83
unzip,2304,2314,99.57,3.83
banjo,2304,2314,99.57,3.84
knoll,2304,2314,99.57,3.84
coyly,2304,2314,99.57,3.85
cycle,2304,2314,99.57,3.85
pooch,2304,2314,99.57,3.85
wacky,2304,2314,99.57,3.85
bully,2304,2314,99.57,3.87
embed,2304,2314,99.57,3.87
skulk,2304,2314,99.57,3.87
taffy,2304,2314,99.57,3.88
bossy,2304,2314,99.57,3.89
willy,2304,2314,99.57,3.89
chuck,2304,2314,99.57,3.95
twixt,2304,2314,99.57,3.98
trace,2303,2314,99.52,3.54
roast,2303,2314,99.52,3.56
cater,2303,2314,99.52,3.57
clone,2303,2314,99.52,3.57
tonal,2303,2314,99.52,3.57
triad,2303,2314,99.52,3.57
clean,2303,2314,99.52,3.58
parse,2303,2314,99.52,3.58
snail,2303,2314,99.52,3.58
snore,2303,2314,99.52,3.58
snort,2303,2314,99.52,3.58
stair,2303,2314,99.52,3.58
stole,2303,2314,99.52,3.58
trope,2303,2314,99.52,3.58
coral,2303,2314,99.52,3.59
shale,2303,2314,99.52,3.59
beast,2303,2314,99.52,3.60
canoe,2303,2314,99.52,3.60
cruel,2303,2314,99.52,3.60
pried,2303,2314,99.52,3.60
prose,2303,2314,99.52,3.60
scone,2303,2314,99.52,3.60
shirt,2303,2314,99.52,3.60
tilde,2303,2314,99.52,3.60
bleat,2303,2314,99.52,3.61
cadet,2303,2314,99.52,3.61
leash,2303,2314,99.52,3.61
olden,2303,2314,99.52,3.61
scent,2303,2314,99.52,3.61
short,2303,2314,99.52,3.61
smite,2303,2314,99.52,3.61
tidal,2303,2314,99.52,3.61
apron,2303,2314,99.52,3.62
chase,2303,2314,99.52,3.62
erupt,2303,2314,99.52,3.62
loser,2303,2314,99.52,3.62
prime,2303,2314,99.52,3.62
purse,2303,2314,99.52,3.62
spear,2303,2314,99.52,3.62
spurt,2303,2314,99.52,3.62
baler,2303,2314,99.52,3.63
credo,2303,2314,99.52,3.63
dream,2303,2314,99.52,3.63
first,2303,2314,99.52,3.63
glade,2303,2314,99.52,3.63
heron,2303,2314,99.52,3.63
medal,2303,2314,99.52,3.63
midst,2303,2314,99.52,3.63
phase,2303,2314,99.52,3.63
poise,2303,2314,99.52,3.63
shade,2303,2314,99.52,3.63
snide,2303,2314,99.52,3.63
torch,2303,2314,99.52,3.63
until,2303,2314,99.52,3.63
baron,2303,2314,99.52,3.64
crude,2303,2314,99.52,3.64
drift,2303,2314,99.52,3.64
faint,2303,2314,99.52,3.64
fetal,2303,2314,99.52,3.64
melon,2303,2314,99.52,3.64
rainy,2303,2314,99.52,3.64
scout,2303,2314,99.52,3.64
sepia,2303,2314,99.52,3.64
shame,2303,2314,99.52,3.64
sling,2303,2314,99.52,3.64
stoic,2303,2314,99.52,3.64
berth,2303,2314,99.52,3.65
bride,2303,2314,99.52,3.65
haunt,2303,2314,99.52,3.65
patio,2303,2314,99.52,3.65
peach,2303,2314,99.52,3.65
spout,2303,2314,99.52,3.65
tumor,2303,2314,99.52,3.65
twine,2303,2314,99.52,3.65
ulcer,2303,2314,99.52,3.65
aptly,2303,2314,99.52,3.66
login,2303,2314,99.52,3.66
lumen,2303,2314,99.52,3.66
phone,2303,2314,99.52,3.66
randy,2303,2314,99.52,3.66
scary,2303,2314,99.52,3.66
slink,2303,2314,99.52,3.66
truly,2303,2314,99.52,3.66
boule,2303,2314,99.52,3.67
surly,2303,2314,99.52,3.67
throb,2303,2314,99.52,3.67
batch,2303,2314,99.52,3.68
cobra,2303,2314,99.52,3.68
crypt,2303,2314,99.52,3.68
debut,2303,2314,99.52,3.68
drink,2303,2314,99.52,3.68
faith,2303,2314,99.52,3.68
flout,2303,2314,99.52,3.68
lingo,2303,2314,99.52,3.68
saucy,2303,2314,99.52,3.68
stack,2303,2314,99.52,3.68
stork,2303,2314,99.52,3.68
taken,2303,2314,99.52,3.68
alive,2303,2314,99.52,3.69
fresh,2303,2314,99.52,3.69
ghost,2303,2314,99.52,3.69
gnome,2303,2314,99.52,3.69
group,2303,2314,99.52,3.69
often,2303,2314,99.52,3.69
raven,2303,2314,99.52,3.69
shelf,2303,2314,99.52,3.69
sight,2303,2314,99.52,3.69
warty,2303,2314,99.52,3.69
weird,2303,2314,99.52,3.69
whale,2303,2314,99.52,3.69
befit,2303,2314,99.52,3.70
botch,2303,2314,99.52,3.70
bused,2303,2314,99.52,3.70
decay,2303,2314,99.52,3.70
epoch,2303,2314,99.52,3.70
fiber,2303,2314,99.52,3.70
fibre,2303,2314,99.52,3.70
flesh,2303,2314,99.52,3.70
girly,2303,2314,99.52,3.70
laugh,2303,2314,99.52,3.70
lower,2303,2314,99.52,3.70
matey,2303,2314,99.52,3.70
meaty,2303,2314,99.52,3.70
sneak,2303,2314,99.52,3.70
solve,2303,2314,99.52,3.70
stoke,2303,2314,99.52,3.70
bleak,2303,2314,99.52,3.71
brave,2303,2314,99.52,3.71
break,2303,2314,99.52,3.71
brink,2303,2314,99.52,3.71
hairy,2303,2314,99.52,3.71
image,2303,2314,99.52,3.71
mower,2303,2314,99.52,3.71
shark,2303,2314,99.52,3.71
speak,2303,2314,99.52,3.71
stick,2303,2314,99.52,3.71
twang,2303,2314,99.52,3.71
wring,2303,2314,99.52,3.71
canal,2303,2314,99.52,3.72
foray,2303,2314,99.52,3.72
forum,2303,2314,99.52,3.72
frank,2303,2314,99.52,3.72
spunk,2303,2314,99.52,3.72
stock,2303,2314,99.52,3.72
swift,2303,2314,99.52,3.72
watch,2303,2314,99.52,3.72
whine,2303,2314,99.52,3.72
width,2303,2314,99.52,3.72
woman,2303,2314,99.52,3.72
choke,2303,2314,99.52,3.73
focus,2303,2314,99.52,3.73
hyena,2303,2314,99.52,3.73
might,2303,2314,99.52,3.73
stall,2303,2314,99.52,3.73
cough,2303,2314,99.52,3.74
creep,2303,2314,99.52,3.74
dense,2303,2314,99.52,3.74
lanky,2303,2314,99.52,3.74
mangy,2303,2314,99.52,3.74
sheik,2303,2314,99.52,3.74
thick,2303,2314,99.52,3.74
total,2303,2314,99.52,3.74
winch,2303,2314,99.52,3.74
privy,2303,2314,99.52,3.75
riper,2303,2314,99.52,3.75
sneer,2303,2314,99.52,3.75
stool,2303,2314,99.52,3.75
toast,2303,2314,99.52,3.75
empty,2303,2314,99.52,3.76
knife,2303,2314,99.52,3.76
movie,2303,2314,99.52,3.76
betel,2303,2314,99.52,3.77
havoc,2303,2314,99.52,3.77
itchy,2303,2314,99.52,3.77
press,2303,2314,99.52,3.77
rocky,2303,2314,99.52,3.77
spoon,2303,2314,99.52,3.77
swung,2303,2314,99.52,3.77
toxin,2303,2314,99.52,3.77
vinyl,2303,2314,99.52,3.77
vowel,2303,2314,99.52,3.77
hence,2303,2314,99.52,3.78
rerun,2303,2314,99.52,3.78
fritz,2303,2314,99.52,3.79
lilac,2303,2314,99.52,3.79
truth,2303,2314,99.52,3.79
murky,2303,2314,99.52,3.80
picky,2303,2314,99.52,3.80
waltz,2303,2314,99.52,3.80
whiny,2303,2314,99.52,3.80
dally,2303,2314,99.52,3.81
gloss,2303,2314,99.52,3.81
grass,2303,2314,99.52,3.81
helix,2303,2314,99.52,3.81
pupal,2303,2314,99.52,3.81
bawdy,2303,2314,99.52,3.82
dolly,2303,2314,99.52,3.82
loopy,2303,2314,99.52,3.82
obese,2303,2314,99.52,3.82
flail,2303,2314,99.52,3.83
golly,2303,2314,99.52,3.84
smash,2303,2314,99.52,3.84
usurp,2303,2314,99.52,3.84
naval,2303,2314,99.52,3.85
bongo,2303,2314,99.52,3.86
theft,2303,2314,99.52,3.86
putty,2303,2314,99.52,3.87
chaff,2303,2314,99.52,3.88
leggy,2303,2314,99.52,3.88
moody,2303,2314,99.52,3.88
swash,2303,2314,99.52,3.88
fully,2303,2314,99.52,3.89
lowly,2303,2314,99.52,3.89
myrrh,2303,2314,99.52,3.90
whoop,2303,2314,99.52,3.90
gypsy,2303,2314,99.52,3.91
crate,2302,2314,99.48,3.54
react,2302,2314,99.48,3.55
plate,2302,2314,99.48,3.56
stare,2302,2314,99.48,3.56
satin,2302,2314,99.48,3.57
later,2302,2314,99.48,3.58
renal,2302,2314,99.48,3.58
scare,2302,2314,99.48,3.58
siren,2302,2314,99.48,3.58
aisle,2302,2314,99.48,3.59
carol,2302,2314,99.48,3.59
stone,2302,2314,99.48,3.59
cried,2302,2314,99.48,3.60
curse,2302,2314,99.48,3.61
glean,2302,2314,99.48,3.61
inert,2302,2314,99.48,3.61
inlet,2302,2314,99.48,3.61
islet,2302,2314,99.48,3.61
pride,2302,2314,99.48,3.61
abort,2302,2314,99.48,3.62
adult,2302,2314,99.48,3.62
antic,2302,2314,99.48,3.62
ascot,2302,2314,99.48,3.62
grail,2302,2314,99.48,3.62
hotel,2302,2314,99.48,3.62
octal,2302,2314,99.48,3.62
cutie,2302,2314,99.48,3.63
death,2302,2314,99.48,3.63
lunar,2302,2314,99.48,3.63
refit,2302,2314,99.48,3.63
round,2302,2314,99.48,3.63
satyr,2302,2314,99.48,3.63
shire,2302,2314,99.48,3.63
smear,2302,2314,99.48,3.63
super,2302,2314,99.48,3.63
brute,2302,2314,99.48,3.64
comet,2302,2314,99.48,3.64
grind,2302,2314,99.48,3.64
lithe,2302,2314,99.48,3.64
mural,2302,2314,99.48,3.64
scion,2302,2314,99.48,3.64
setup,2302,2314,99.48,3.64
steam,2302,2314,99.48,3.64
corny,2302,2314,99.48,3.65
sober,2302,2314,99.48,3.65
board,2302,2314,99.48,3.66
cheap,2302,2314,99.48,3.66
chest,2302,2314,99.48,3.66
cling,2302,2314,99.48,3.66
flier,2302,2314,99.48,3.66
grout,2302,2314,99.48,3.66
hoard,2302,2314,99.48,3.66
inept,2302,2314,99.48,3.66
south,2302,2314,99.48,3.66
ankle,2302,2314,99.48,3.67
chute,2302,2314,99.48,3.67
deity,2302,2314,99.48,3.67
fetid,2302,2314,99.48,3.67
filer,2302,2314,99.48,3.67
golem,2302,2314,99.48,3.67
mange,2302,2314,99.48,3.67
rhino,2302,2314,99.48,3.67
slimy,2302,2314,99.48,3.67
stake,2302,2314,99.48,3.67
stank,2302,2314,99.48,3.67
unmet,2302,2314,99.48,3.67
urban,2302,2314,99.48,3.67
amber,2302,2314,99.48,3.68
daisy,2302,2314,99.48,3.68
entry,2302,2314,99.48,3.68
girth,2302,2314,99.48,3.68
gnash,2302,2314,99.48,3.68
optic,2302,2314,99.48,3.68
swear,2302,2314,99.48,3.68
touch,2302,2314,99.48,3.68
valor,2302,2314,99.48,3.68
anvil,2302,2314,99.48,3.69
bigot,2302,2314,99.48,3.69
chafe,2302,2314,99.48,3.69
chime,2302,2314,99.48,3.69
inlay,2302,2314,99.48,3.69
power,2302,2314,99.48,3.69
salvo,2302,2314,99.48,3.69
screw,2302,2314,99.48,3.69
sower,2302,2314,99.48,3.69
stave,2302,2314,99.48,3.69
synod,2302,2314,99.48,3.69
vault,2302,2314,99.48,3.69
bugle,2302,2314,99.48,3.70
lyric,2302,2314,99.48,3.70
mayor,2302,2314,99.48,3.70
thief,2302,2314,99.48,3.70
throw,2302,2314,99.48,3.70
bonus,2302,2314,99.48,3.71
bulge,2302,2314,99.48,3.71
carat,2302,2314,99.48,3.71
dusty,2302,2314,99.48,3.71
fetus,2302,2314,99.48,3.71
gavel,2302,2314,99.48,3.71
lying,2302,2314,99.48,3.71
minty,2302,2314,99.48,3.71
money,2302,2314,99.48,3.71
stove,2302,2314,99.48,3.71
think,2302,2314,99.48,3.71
wrong,2302,2314,99.48,3.71
bloke,2302,2314,99.48,3.72
decoy,2302,2314,99.48,3.72
ethos,2302,2314,99.48,3.72
found,2302,2314,99.48,3.72
pouty,2302,2314,99.48,3.72
shrub,2302,2314,99.48,3.72
steel,2302,2314,99.48,3.72
afoul,2302,2314,99.48,3.73
dogma,2302,2314,99.48,3.73
gipsy,2302,2314,99.48,3.73
glove,2302,2314,99.48,3.73
gusty,2302,2314,99.48,3.73
humid,2302,2314,99.48,3.73
macho,2302,2314,99.48,3.73
natal,2302,2314,99.48,3.73
sleep,2302,2314,99.48,3.73
stuck,2302,2314,99.48,3.73
swing,2302,2314,99.48,3.73
endow,2302,2314,99.48,3.74
lefty,2302,2314,99.48,3.74
olive,2302,2314,99.48,3.74
shove,2302,2314,99.48,3.74
value,2302,2314,99.48,3.74
viola,2302,2314,99.48,3.74
colon,2302,2314,99.48,3.75
color,2302,2314,99.48,3.75
ficus,2302,2314,99.48,3.75
fight,2302,2314,99.48,3.75
lapel,2302,2314,99.48,3.75
repel,2302,2314,99.48,3.75
troop,2302,2314,99.48,3.75
wordy,2302,2314,99.48,3.75
blaze,2302,2314,99.48,3.76
debug,2302,2314,99.48,3.76
elope,2302,2314,99.48,3.76
fluke,2302,2314,99.48,3.76
joint,2302,2314,99.48,3.76
niece,2302,2314,99.48,3.76
reuse,2302,2314,99.48,3.76
rowdy,2302,2314,99.48,3.76
tacit,2302,2314,99.48,3.76
zonal,2302,2314,99.48,3.76
snoop,2302,2314,99.48,3.77
tenth,2302,2314,99.48,3.78
topaz,2302,2314,99.48,3.78
cross,2302,2314,99.48,3.79
duchy,2302,2314,99.48,3.79
showy,2302,2314,99.48,3.79
toxic,2302,2314,99.48,3.79
askew,2302,2314,99.48,3.80
bayou,2302,2314,99.48,3.80
frill,2302,2314,99.48,3.80
taboo,2302,2314,99.48,3.80
amiss,2302,2314,99.48,3.81
rally,2302,2314,99.48,3.81
renew,2302,2314,99.48,3.81
timid,2302,2314,99.48,3.81
abbot,2302,2314,99.48,3.82
award,2302,2314,99.48,3.82
canny,2302,2314,99.48,3.82
hitch,2302,2314,99.48,3.82
tibia,2302,2314,99.48,3.83
basis,2302,2314,99.48,3.84
dully,2302,2314,99.48,3.84
gayly,2302,2314,99.48,3.84
hutch,2302,2314,99.48,3.84
folio,2302,2314,99.48,3.85
polyp,2302,2314,99.48,3.85
avail,2302,2314,99.48,3.86
awash,2302,2314,99.48,3.86
holly,2302,2314,99.48,3.86
shook,2302,2314,99.48,3.86
booty,2302,2314,99.48,3.87
equip,2302,2314,99.48,3.87
pulpy,2302,2314,99.48,3.87
abyss,2302,2314,99.48,3.88
swish,2302,2314,99.48,3.90
chock,2302,2314,99.48,3.91
dummy,2302,2314,99.48,3.91
penne,2302,2314,99.48,3.91
guppy,2302,2314,99.48,3.92
muddy,2302,2314,99.48,3.92
motto,2302,2314,99.48,3.95
pygmy,2302,2314,99.48,3.95
rajah,2302,2314,99.48,3.95
least,2301,2314,99.44,3.53
saint,2301,2314,99.44,3.56
heart,2301,2314,99.44,3.57
alter,2301,2314,99.44,3.58
pearl,2301,2314,99.44,3.58
saner,2301,2314,99.44,3.59
taper,2301,2314,99.44,3.59
actor,2301,2314,99.44,3.60
arson,2301,2314,99.44,3.60
blare,2301,2314,99.44,3.60
earth,2301,2314,99.44,3.60
acorn,2301,2314,99.44,3.61
caper,2301,2314,99.44,3.61
count,2301,2314,99.44,3.61
court,2301,2314,99.44,3.61
feast,2301,2314,99.44,3.61
gloat,2301,2314,99.44,3.61
hater,2301,2314,99.44,3.61
lathe,2301,2314,99.44,3.61
onset,2301,2314,99.44,3.61
paler,2301,2314,99.44,3.61
align,2301,2314,99.44,3.62
front,2301,2314,99.44,3.62
glint,2301,2314,99.44,3.62
grape,2301,2314,99.44,3.62
nicer,2301,2314,99.44,3.62
range,2301,2314,99.44,3.62
ratio,2301,2314,99.44,3.62
shone,2301,2314,99.44,3.62
teach,2301,2314,99.44,3.62
edict,2301,2314,99.44,3.63
filet,2301,2314,99.44,3.63
heard,2301,2314,99.44,3.63
miser,2301,2314,99.44,3.63
pause,2301,2314,99.44,3.63
unlit,2301,2314,99.44,3.63
anime,2301,2314,99.44,3.64
dunce,2301,2314,99.44,3.64
hoist,2301,2314,99.44,3.64
ideal,2301,2314,99.44,3.64
lemon,2301,2314,99.44,3.64
ocean,2301,2314,99.44,3.64
orbit,2301,2314,99.44,3.64
reach,2301,2314,99.44,3.64
choir,2301,2314,99.44,3.65
fried,2301,2314,99.44,3.65
grope,2301,2314,99.44,3.65
lurid,2301,2314,99.44,3.65
opine,2301,2314,99.44,3.65
rebut,2301,2314,99.44,3.65
shunt,2301,2314,99.44,3.65
tower,2301,2314,99.44,3.65
tunic,2301,2314,99.44,3.65
upset,2301,2314,99.44,3.65
admit,2301,2314,99.44,3.66
chaos,2301,2314,99.44,3.66
crony,2301,2314,99.44,3.66
lodge,2301,2314,99.44,3.66
radio,2301,2314,99.44,3.66
ready,2301,2314,99.44,3.66
royal,2301,2314,99.44,3.66
stony,2301,2314,99.44,3.66
aloud,2301,2314,99.44,3.67
dirty,2301,2314,99.44,3.67
disco,2301,2314,99.44,3.67
rivet,2301,2314,99.44,3.67
shaft,2301,2314,99.44,3.67
snake,2301,2314,99.44,3.67
tipsy,2301,2314,99.44,3.67
trove,2301,2314,99.44,3.67
amuse,2301,2314,99.44,3.68
beach,2301,2314,99.44,3.68
thong,2301,2314,99.44,3.68
began,2301,2314,99.44,3.69
birch,2301,2314,99.44,3.69
clove,2301,2314,99.44,3.69
cower,2301,2314,99.44,3.69
grief,2301,2314,99.44,3.69
hound,2301,2314,99.44,3.69
light,2301,2314,99.44,3.69
lousy,2301,2314,99.44,3.69
noisy,2301,2314,99.44,3.69
owner,2301,2314,99.44,3.69
piney,2301,2314,99.44,3.69
eight,2301,2314,99.44,3.70
fiend,2301,2314,99.44,3.70
flour,2301,2314,99.44,3.70
guard,2301,2314,99.44,3.70
novel,2301,2314,99.44,3.70
reset,2301,2314,99.44,3.70
vicar,2301,2314,99.44,3.70
while,2301,2314,99.44,3.70
begin,2301,2314,99.44,3.71
being,2301,2314,99.44,3.71
biome,2301,2314,99.44,3.71
covet,2301,2314,99.44,3.71
evict,2301,2314,99.44,3.71
flake,2301,2314,99.44,3.71
honey,2301,2314,99.44,3.71
knead,2301,2314,99.44,3.71
mango,2301,2314,99.44,3.71
shave,2301,2314,99.44,3.71
verso,2301,2314,99.44,3.71
beady,2301,2314,99.44,3.72
craze,2301,2314,99.44,3.72
freak,2301,2314,99.44,3.72
heady,2301,2314,99.44,3.72
shrug,2301,2314,99.44,3.72
snaky,2301,2314,99.44,3.72
still,2301,2314,99.44,3.72
stilt,2301,2314,99.44,3.72
visor,2301,2314,99.44,3.72
voice,2301,2314,99.44,3.72
bingo,2301,2314,99.44,3.73
hovel,2301,2314,99.44,3.73
silky,2301,2314,99.44,3.73
atoll,2301,2314,99.44,3.74
dying,2301,2314,99.44,3.74
hydro,2301,2314,99.44,3.74
cease,2301,2314,99.44,3.75
dowry,2301,2314,99.44,3.75
loose,2301,2314,99.44,3.75
risky,2301,2314,99.44,3.75
snowy,2301,2314,99.44,3.75
sulky,2301,2314,99.44,3.75
tacky,2301,2314,99.44,3.75
tulle,2301,2314,99.44,3.75
unwed,2301,2314,99.44,3.75
wafer,2301,2314,99.44,3.75
bravo,2301,2314,99.44,3.76
favor,2301,2314,99.44,3.76
limit,2301,2314,99.44,3.76
titan,2301,2314,99.44,3.76
bough,2301,2314,99.44,3.77
cello,2301,2314,99.44,3.77
condo,2301,2314,99.44,3.77
cress,2301,2314,99.44,3.77
grill,2301,2314,99.44,3.77
label,2301,2314,99.44,3.77
pudgy,2301,2314,99.44,3.77
strut,2301,2314,99.44,3.77
video,2301,2314,99.44,3.77
windy,2301,2314,99.44,3.77
cabal,2301,2314,99.44,3.78
detox,2301,2314,99.44,3.78
gravy,2301,2314,99.44,3.78
joust,2301,2314,99.44,3.78
knave,2301,2314,99.44,3.78
rebel,2301,2314,99.44,3.78
stood,2301,2314,99.44,3.78
woken,2301,2314,99.44,3.78
drama,2301,2314,99.44,3.79
radii,2301,2314,99.44,3.79
dross,2301,2314,99.44,3.80
goose,2301,2314,99.44,3.80
rupee,2301,2314,99.44,3.80
smoky,2301,2314,99.44,3.80
afoot,2301,2314,99.44,3.81
dusky,2301,2314,99.44,3.81
lorry,2301,2314,99.44,3.81
mania,2301,2314,99.44,3.81
sweet,2301,2314,99.44,3.81
conch,2301,2314,99.44,3.82
enema,2301,2314,99.44,3.82
hunky,2301,2314,99.44,3.82
junto,2301,2314,99.44,3.82
kneel,2301,2314,99.44,3.82
axiom,2301,2314,99.44,3.83
cinch,2301,2314,99.44,3.83
patty,2301,2314,99.44,3.83
beech,2301,2314,99.44,3.84
comma,2301,2314,99.44,3.84
seven,2301,2314,99.44,3.84
batty,2301,2314,99.44,3.85
funky,2301,2314,99.44,3.85
paddy,2301,2314,99.44,3.85
pique,2301,2314,99.44,3.85
thigh,2301,2314,99.44,3.85
tight,2301,2314,99.44,3.85
elegy,2301,2314,99.44,3.86
event,2301,2314,99.44,3.86
icily,2301,2314,99.44,3.86
idyll,2301,2314,99.44,3.86
stiff,2301,2314,99.44,3.86
fifth,2301,2314,99.44,3.87
knack,2301,2314,99.44,3.87
oddly,2301,2314,99.44,3.87
hippo,2301,2314,99.44,3.88
knock,2301,2314,99.44,3.88
mafia,2301,2314,99.44,3.89
goody,2301,2314,99.44,3.90
quick,2301,2314,99.44,3.91
baggy,2301,2314,99.44,3.92
chick,2301,2314,99.44,3.92
papal,2301,2314,99.44,3.92
plaza,2301,2314,99.44,3.92
gummy,2301,2314,99.44,3.93
weedy,2301,2314,99.44,3.93
hobby,2301,2314,99.44,3.94
skiff,2301,2314,99.44,3.94
buggy,2301,2314,99.44,3.95
puffy,2301,2314,99.44,3.96
jolly,2301,2314,99.44,3.97
madam,2301,2314,99.44,3.97
mimic,2301,2314,99.44,3.97
jelly,2301,2314,99.44,3.98
alert,2300,2314,99.39,3.57
crone,2300,2314,99.39,3.57
trade,2300,2314,99.39,3.57
tried,2300,2314,99.39,3.57
alone,2300,2314,99.39,3.58
snare,2300,2314,99.39,3.58
store,2300,2314,99.39,3.58
merit,2300,2314,99.39,3.60
share,2300,2314,99.39,3.60
liner,2300,2314,99.39,3.61
artsy,2300,2314,99.39,3.62
clued,2300,2314,99.39,3.62
giant,2300,2314,99.39,3.62
grain,2300,2314,99.39,3.62
large,2300,2314,99.39,3.62
miner,2300,2314,99.39,3.62
noise,2300,2314,99.39,3.62
tamer,2300,2314,99.39,3.62
bread,2300,2314,99.39,3.63
decor,2300,2314,99.39,3.63
donut,2300,2314,99.39,3.63
guilt,2300,2314,99.39,3.63
manor,2300,2314,99.39,3.63
nurse,2300,2314,99.39,3.63
regal,2300,2314,99.39,3.63
snout,2300,2314,99.39,3.63
yeast,2300,2314,99.39,3.63
along,2300,2314,99.39,3.64
cheat,2300,2314,99.39,3.64
minor,2300,2314,99.39,3.64
older,2300,2314,99.39,3.64
stray,2300,2314,99.39,3.64
tuber,2300,2314,99.39,3.64
ultra,2300,2314,99.39,3.64
wrote,2300,2314,99.39,3.64
bagel,2300,2314,99.39,3.65
glide,2300,2314,99.39,3.65
grime,2300,2314,99.39,3.65
groin,2300,2314,99.39,3.65
grunt,2300,2314,99.39,3.65
idler,2300,2314,99.39,3.65
sound,2300,2314,99.39,3.65
sweat,2300,2314,99.39,3.65
tango,2300,2314,99.39,3.65
churn,2300,2314,99.39,3.66
shout,2300,2314,99.39,3.66
story,2300,2314,99.39,3.66
tonga,2300,2314,99.39,3.66
under,2300,2314,99.39,3.66
ashen,2300,2314,99.39,3.67
barge,2300,2314,99.39,3.67
homer,2300,2314,99.39,3.67
lemur,2300,2314,99.39,3.67
pinto,2300,2314,99.39,3.67
alike,2300,2314,99.39,3.68
chide,2300,2314,99.39,3.68
gamer,2300,2314,99.39,3.68
nosey,2300,2314,99.39,3.68
wider,2300,2314,99.39,3.68
croak,2300,2314,99.39,3.69
demur,2300,2314,99.39,3.69
drive,2300,2314,99.39,3.69
gusto,2300,2314,99.39,3.69
horny,2300,2314,99.39,3.69
humor,2300,2314,99.39,3.69
nerdy,2300,2314,99.39,3.69
savor,2300,2314,99.39,3.69
skier,2300,2314,99.39,3.69
amity,2300,2314,99.39,3.70
among,2300,2314,99.39,3.70
drove,2300,2314,99.39,3.70
forge,2300,2314,99.39,3.70
grown,2300,2314,99.39,3.70
lease,2300,2314,99.39,3.70
shake,2300,2314,99.39,3.70
widen,2300,2314,99.39,3.70
worth,2300,2314,99.39,3.70
boney,2300,2314,99.39,3.71
drunk,2300,2314,99.39,3.71
unfit,2300,2314,99.39,3.71
allot,2300,2314,99.39,3.72
broke,2300,2314,99.39,3.72
elite,2300,2314,99.39,3.72
ethic,2300,2314,99.39,3.72
pithy,2300,2314,99.39,3.72
shiny,2300,2314,99.39,3.72
vegan,2300,2314,99.39,3.72
latte,2300,2314,99.39,3.73
prize,2300,2314,99.39,3.73
stunk,2300,2314,99.39,3.73
suave,2300,2314,99.39,3.73
vista,2300,2314,99.39,3.73
donor,2300,2314,99.39,3.74
exalt,2300,2314,99.39,3.74
haven,2300,2314,99.39,3.74
scene,2300,2314,99.39,3.74
taint,2300,2314,99.39,3.74
creed,2300,2314,99.39,3.75
joist,2300,2314,99.39,3.75
meter,2300,2314,99.39,3.75
alarm,2300,2314,99.39,3.76
riser,2300,2314,99.39,3.76
apple,2300,2314,99.39,3.77
lasso,2300,2314,99.39,3.77
motor,2300,2314,99.39,3.77
pushy,2300,2314,99.39,3.77
semen,2300,2314,99.39,3.77
steep,2300,2314,99.39,3.77
mauve,2300,2314,99.39,3.78
owing,2300,2314,99.39,3.78
prior,2300,2314,99.39,3.78
rearm,2300,2314,99.39,3.78
weigh,2300,2314,99.39,3.78
bleep,2300,2314,99.39,3.79
fishy,2300,2314,99.39,3.79
ledge,2300,2314,99.39,3.79
moose,2300,2314,99.39,3.79
posse,2300,2314,99.39,3.79
stoop,2300,2314,99.39,3.79
unify,2300,2314,99.39,3.79
await,2300,2314,99.39,3.80
lucky,2300,2314,99.39,3.80
stout,2300,2314,99.39,3.80
bribe,2300,2314,99.39,3.81
catch,2300,2314,99.39,3.81
hatch,2300,2314,99.39,3.81
leave,2300,2314,99.39,3.81
pagan,2300,2314,99.39,3.81
rigid,2300,2314,99.39,3.81
skill,2300,2314,99.39,3.81
theme,2300,2314,99.39,3.81
brass,2300,2314,99.39,3.82
fjord,2300,2314,99.39,3.82
sully,2300,2314,99.39,3.82
uncut,2300,2314,99.39,3.82
coach,2300,2314,99.39,3.83
crook,2300,2314,99.39,3.83
dandy,2300,2314,99.39,3.83
manga,2300,2314,99.39,3.83
marry,2300,2314,99.39,3.83
slush,2300,2314,99.39,3.83
usual,2300,2314,99.39,3.83
modem,2300,2314,99.39,3.84
river,2300,2314,99.39,3.84
sniff,2300,2314,99.39,3.84
apply,2300,2314,99.39,3.85
inbox,2300,2314,99.39,3.85
quoth,2300,2314,99.39,3.85
fanny,2300,2314,99.39,3.86
gully,2300,2314,99.39,3.86
livid,2300,2314,99.39,3.86
penny,2300,2314,99.39,3.86
toddy,2300,2314,99.39,3.86
enemy,2300,2314,99.39,3.87
villa,2300,2314,99.39,3.87
wedge,2300,2314,99.39,3.87
bunny,2300,2314,99.39,3.88
stuff,2300,2314,99.39,3.88
venue,2300,2314,99.39,3.88
gawky,2300,2314,99.39,3.89
salsa,2300,2314,99.39,3.89
skunk,2300,2314,99.39,3.89
worry,2300,2314,99.39,3.89
biddy,2300,2314,99.39,3.90
dodgy,2300,2314,99.39,3.90
fussy,2300,2314,99.39,3.91
giddy,2300,2314,99.39,3.91
belle,2300,2314,99.39,3.93
goofy,2300,2314,99.39,3.93
llama,2300,2314,99.39,3.93
which,2300,2314,99.39,3.93
amass,2300,2314,99.39,3.94
dowdy,2300,2314,99.39,3.94
whiff,2300,2314,99.39,3.97
fluff,2300,2314,99.39,4.02
alien,2299,2314,99.35,3.58
droit,2299,2314,99.35,3.59
tenor,2299,2314,99.35,3.59
enact,2299,2314,99.35,3.60
heist,2299,2314,99.35,3.60
raise,2299,2314,99.35,3.60
stein,2299,2314,99.35,3.60
remit,2299,2314,99.35,3.61
adorn,2299,2314,99.35,3.62
daunt,2299,2314,99.35,3.62
horse,2299,2314,99.35,3.62
recut,2299,2314,99.35,3.62
unset,2299,2314,99.35,3.62
agile,2299,2314,99.35,3.63
angst,2299,2314,99.35,3.63
inter,2299,2314,99.35,3.63
north,2299,2314,99.35,3.63
route,2299,2314,99.35,3.63
stead,2299,2314,99.35,3.63
acute,2299,2314,99.35,3.64
horde,2299,2314,99.35,3.64
prude,2299,2314,99.35,3.64
yearn,2299,2314,99.35,3.64
chair,2299,2314,99.35,3.65
frame,2299,2314,99.35,3.65
ridge,2299,2314,99.35,3.65
sugar,2299,2314,99.35,3.65
aside,2299,2314,99.35,3.66
gonad,2299,2314,99.35,3.66
harem,2299,2314,99.35,3.66
opera,2299,2314,99.35,3.66
rayon,2299,2314,99.35,3.66
water,2299,2314,99.35,3.66
guile,2299,2314,99.35,3.67
repay,2299,2314,99.35,3.67
abode,2299,2314,99.35,3.68
adobe,2299,2314,99.35,3.68
begat,2299,2314,99.35,3.68
about,2299,2314,99.35,3.69
decry,2299,2314,99.35,3.69
tangy,2299,2314,99.35,3.69
thing,2299,2314,99.35,3.69
coven,2299,2314,99.35,3.70
dicey,2299,2314,99.35,3.70
diver,2299,2314,99.35,3.70
liken,2299,2314,99.35,3.70
prove,2299,2314,99.35,3.70
tease,2299,2314,99.35,3.70
white,2299,2314,99.35,3.70
dingo,2299,2314,99.35,3.71
grave,2299,2314,99.35,3.71
grimy,2299,2314,99.35,3.71
rough,2299,2314,99.35,3.71
tarot,2299,2314,99.35,3.71
tense,2299,2314,99.35,3.71
trite,2299,2314,99.35,3.71
abhor,2299,2314,99.35,3.72
erect,2299,2314,99.35,3.72
hyper,2299,2314,99.35,3.72
naive,2299,2314,99.35,3.72
pivot,2299,2314,99.35,3.72
treat,2299,2314,99.35,3.72
tying,2299,2314,99.35,3.72
begun,2299,2314,99.35,3.73
dingy,2299,2314,99.35,3.73
fiery,2299,2314,99.35,3.73
grove,2299,2314,99.35,3.73
mover,2299,2314,99.35,3.73
start,2299,2314,99.35,3.73
yacht,2299,2314,99.35,3.73
ebony,2299,2314,99.35,3.74
elect,2299,2314,99.35,3.74
leaky,2299,2314,99.35,3.74
dough,2299,2314,99.35,3.75
ladle,2299,2314,99.35,3.75
omega,2299,2314,99.35,3.75
piece,2299,2314,99.35,3.75
stint,2299,2314,99.35,3.75
wreak,2299,2314,99.35,3.75
avoid,2299,2314,99.35,3.76
gaudy,2299,2314,99.35,3.76
above,2299,2314,99.35,3.77
dozen,2299,2314,99.35,3.77
elide,2299,2314,99.35,3.77
local,2299,2314,99.35,3.77
quilt,2299,2314,99.35,3.77
sheet,2299,2314,99.35,3.77
these,2299,2314,99.35,3.77
youth,2299,2314,99.35,3.77
hazel,2299,2314,99.35,3.78
steed,2299,2314,99.35,3.78
annul,2299,2314,99.35,3.79
brood,2299,2314,99.35,3.79
ditto,2299,2314,99.35,3.79
elude,2299,2314,99.35,3.79
floor,2299,2314,99.35,3.79
ratty,2299,2314,99.35,3.79
recur,2299,2314,99.35,3.79
stunt,2299,2314,99.35,3.79
waive,2299,2314,99.35,3.79
attic,2299,2314,99.35,3.80
cacti,2299,2314,99.35,3.80
conic,2299,2314,99.35,3.80
mushy,2299,2314,99.35,3.80
stash,2299,2314,99.35,3.80
tally,2299,2314,99.35,3.80
tryst,2299,2314,99.35,3.80
beget,2299,2314,99.35,3.81
ensue,2299,2314,99.35,3.81
aloof,2299,2314,99.35,3.82
creek,2299,2314,99.35,3.82
ionic,2299,2314,99.35,3.82
mecca,2299,2314,99.35,3.82
swoon,2299,2314,99.35,3.82
allow,2299,2314,99.35,3.83
catty,2299,2314,99.35,3.83
clack,2299,2314,99.35,3.83
larva,2299,2314,99.35,3.83
crick,2299,2314,99.35,3.84
ditty,2299,2314,99.35,3.84
roomy,2299,2314,99.35,3.84
sappy,2299,2314,99.35,3.84
seedy,2299,2314,99.35,3.84
crock,2299,2314,99.35,3.85
gassy,2299,2314,99.35,3.85
missy,2299,2314,99.35,3.85
quash,2299,2314,99.35,3.85
sieve,2299,2314,99.35,3.85
visit,2299,2314,99.35,3.85
brook,2299,2314,99.35,3.86
caddy,2299,2314,99.35,3.86
bitty,2299,2314,99.35,3.87
idiom,2299,2314,99.35,3.87
offal,2299,2314,99.35,3.87
quasi,2299,2314,99.35,3.87
snuff,2299,2314,99.35,3.88
squib,2299,2314,99.35,3.88
juicy,2299,2314,99.35,3.89
fifty,2299,2314,99.35,3.91
funny,2299,2314,99.35,3.91
hippy,2299,2314,99.35,3.91
check,2299,2314,99.35,3.92
exile,2299,2314,99.35,3.92
woody,2299,2314,99.35,3.92
guava,2299,2314,99.35,3.93
known,2299,2314,99.35,3.93
pixie,2299,2314,99.35,3.93
tooth,2299,2314,99.35,3.94
booze,2299,2314,99.35,3.97
minim,2299,2314,99.35,3.97
magma,2299,2314,99.35,4.01
femme,2299,2314,99.35,4.02
civic,2299,2314,99.35,4.05
drone,2298,2314,99.31,3.58
clear,2298,2314,99.31,3.59
grant,2298,2314,99.31,3.59
arise,2298,2314,99.31,3.60
angel,2298,2314,99.31,3.61
nadir,2298,2314,99.31,3.62
shine,2298,2314,99.31,3.62
forte,2298,2314,99.31,3.63
lager,2298,2314,99.31,3.63
metro,2298,2314,99.31,3.63
reign,2298,2314,99.31,3.63
shear,2298,2314,99.31,3.63
louse,2298,2314,99.31,3.64
cigar,2298,2314,99.31,3.65
feral,2298,2314,99.31,3.65
after,2298,2314,99.31,3.66
broad,2298,2314,99.31,3.66
gleam,2298,2314,99.31,3.66
guest,2298,2314,99.31,3.66
relay,2298,2314,99.31,3.66
roach,2298,2314,99.31,3.66
sting,2298,2314,99.31,3.66
unite,2298,2314,99.31,3.66
untie,2298,2314,99.31,3.66
afire,2298,2314,99.31,3.67
right,2298,2314,99.31,3.68
terse,2298,2314,99.31,3.68
turbo,2298,2314,99.31,3.68
brake,2298,2314,99.31,3.69
fraud,2298,2314,99.31,3.69
mouse,2298,2314,99.31,3.69
piety,2298,2314,99.31,3.69
rogue,2298,2314,99.31,3.69
rouge,2298,2314,99.31,3.69
token,2298,2314,99.31,3.69
abuse,2298,2314,99.31,3.70
forty,2298,2314,99.31,3.70
irony,2298,2314,99.31,3.70
trait,2298,2314,99.31,3.70
curve,2298,2314,99.31,3.71
night,2298,2314,99.31,3.71
shady,2298,2314,99.31,3.71
usher,2298,2314,99.31,3.71
wheat,2298,2314,99.31,3.71
cagey,2298,2314,99.31,3.72
study,2298,2314,99.31,3.72
unfed,2298,2314,99.31,3.72
using,2298,2314,99.31,3.72
altar,2298,2314,99.31,3.73
femur,2298,2314,99.31,3.73
maker,2298,2314,99.31,3.73
tiara,2298,2314,99.31,3.73
easel,2298,2314,99.31,3.74
maybe,2298,2314,99.31,3.74
spree,2298,2314,99.31,3.74
state,2298,2314,99.31,3.74
torso,2298,2314,99.31,3.74
drool,2298,2314,99.31,3.75
given,2298,2314,99.31,3.75
relax,2298,2314,99.31,3.75
steer,2298,2314,99.31,3.75
beset,2298,2314,99.31,3.76
savoy,2298,2314,99.31,3.76
wight,2298,2314,99.31,3.76
canon,2298,2314,99.31,3.77
honor,2298,2314,99.31,3.77
leper,2298,2314,99.31,3.77
piper,2298,2314,99.31,3.77
shaky,2298,2314,99.31,3.77
sheen,2298,2314,99.31,3.77
tutor,2298,2314,99.31,3.77
robot,2298,2314,99.31,3.78
sauna,2298,2314,99.31,3.78
shell,2298,2314,99.31,3.78
waver,2298,2314,99.31,3.78
abase,2298,2314,99.31,3.79
briar,2298,2314,99.31,3.79
deuce,2298,2314,99.31,3.79
exult,2298,2314,99.31,3.79
flaky,2298,2314,99.31,3.79
fleet,2298,2314,99.31,3.79
masse,2298,2314,99.31,3.79
ruler,2298,2314,99.31,3.79
harsh,2298,2314,99.31,3.80
heath,2298,2314,99.31,3.80
siege,2298,2314,99.31,3.80
tasty,2298,2314,99.31,3.80
vouch,2298,2314,99.31,3.80
crazy,2298,2314,99.31,3.81
hello,2298,2314,99.31,3.81
index,2298,2314,99.31,3.81
junta,2298,2314,99.31,3.81
ninth,2298,2314,99.31,3.81
fella,2298,2314,99.31,3.82
gross,2298,2314,99.31,3.82
squad,2298,2314,99.31,3.82
vying,2298,2314,99.31,3.82
arrow,2298,2314,99.31,3.83
nerve,2298,2314,99.31,3.83
newer,2298,2314,99.31,3.83
parka,2298,2314,99.31,3.84
chess,2298,2314,99.31,3.85
guess,2298,2314,99.31,3.85
nylon,2298,2314,99.31,3.85
waxen,2298,2314,99.31,3.85
dryly,2298,2314,99.31,3.86
valve,2298,2314,99.31,3.86
bevel,2298,2314,99.31,3.87
cynic,2298,2314,99.31,3.87
mossy,2298,2314,99.31,3.87
nutty,2298,2314,99.31,3.87
tabby,2298,2314,99.31,3.87
furry,2298,2314,99.31,3.88
aback,2298,2314,99.31,3.89
cubic,2298,2314,99.31,3.89
gruff,2298,2314,99.31,3.89
soggy,2298,2314,99.31,3.89
sushi,2298,2314,99.31,3.89
cabby,2298,2314,99.31,3.90
quack,2298,2314,99.31,3.90
wryly,2298,2314,99.31,3.90
fugue,2298,2314,99.31,3.91
savvy,2298,2314,99.31,3.91
weave,2298,2314,99.31,3.91
eject,2298,2314,99.31,3.92
beefy,2298,2314,99.31,3.93
foggy,2298,2314,99.31,3.94
quill,2298,2314,99.31,3.94
kinky,2298,2314,99.31,3.95
gamma,2298,2314,99.31,3.99
jetty,2298,2314,99.31,3.99
great,2297,2314,99.27,3.60
saute,2297,2314,99.27,3.60
suite,2297,2314,99.27,3.60
arose,2297,2314,99.27,3.61
angle,2297,2314,99.27,3.62
anode,2297,2314,99.27,3.63
beard,2297,2314,99.27,3.63
flare,2297,2314,99.27,3.63
farce,2297,2314,99.27,3.64
shore,2297,2314,99.27,3.64
stage,2297,2314,99.27,3.64
agent,2297,2314,99.27,3.65
audit,2297,2314,99.27,3.65
cargo,2297,2314,99.27,3.65
dirge,2297,2314,99.27,3.65
organ,2297,2314,99.27,3.65
bluer,2297,2314,99.27,3.66
drake,2297,2314,99.27,3.66
haute,2297,2314,99.27,3.66
surge,2297,2314,99.27,3.66
dairy,2297,2314,99.27,3.67
deign,2297,2314,99.27,3.67
today,2297,2314,99.27,3.67
gourd,2297,2314,99.27,3.68
house,2297,2314,99.27,3.68
ingot,2297,2314,99.27,3.68
purge,2297,2314,99.27,3.68
mercy,2297,2314,99.27,3.69
steak,2297,2314,99.27,3.69
suing,2297,2314,99.27,3.69
voter,2297,2314,99.27,3.69
aunty,2297,2314,99.27,3.70
badge,2297,2314,99.27,3.70
poker,2297,2314,99.27,3.70
sleet,2297,2314,99.27,3.70
cover,2297,2314,99.27,3.71
feign,2297,2314,99.27,3.71
neigh,2297,2314,99.27,3.71
nudge,2297,2314,99.27,3.71
tough,2297,2314,99.27,3.71
usage,2297,2314,99.27,3.71
apart,2297,2314,99.27,3.72
roost,2297,2314,99.27,3.72
unity,2297,2314,99.27,3.72
baker,2297,2314,99.27,3.73
taste,2297,2314,99.27,3.73
beret,2297,2314,99.27,3.74
drier,2297,2314,99.27,3.75
noose,2297,2314,99.27,3.75
ovine,2297,2314,99.27,3.75
rhyme,2297,2314,99.27,3.75
vigor,2297,2314,99.27,3.75
droll,2297,2314,99.27,3.76
fudge,2297,2314,99.27,3.76
tweak,2297,2314,99.27,3.76
eking,2297,2314,99.27,3.77
ester,2297,2314,99.27,3.77
armor,2297,2314,99.27,3.78
fungi,2297,2314,99.27,3.78
genie,2297,2314,99.27,3.78
liege,2297,2314,99.27,3.78
rodeo,2297,2314,99.27,3.78
rural,2297,2314,99.27,3.78
totem,2297,2314,99.27,3.78
covey,2297,2314,99.27,3.79
dress,2297,2314,99.27,3.79
legal,2297,2314,99.27,3.79
major,2297,2314,99.27,3.79
ruder,2297,2314,99.27,3.79
shoot,2297,2314,99.27,3.79
tithe,2297,2314,99.27,3.79
edify,2297,2314,99.27,3.80
freed,2297,2314,99.27,3.80
sleek,2297,2314,99.27,3.80
digit,2297,2314,99.27,3.81
quail,2297,2314,99.27,3.81
sewer,2297,2314,99.27,3.81
etude,2297,2314,99.27,3.82
sooty,2297,2314,99.27,3.82
occur,2297,2314,99.27,3.83
outdo,2297,2314,99.27,3.83
tweed,2297,2314,99.27,3.83
zesty,2297,2314,99.27,3.83
igloo,2297,2314,99.27,3.84
crack,2297,2314,99.27,3.85
forgo,2297,2314,99.27,3.85
hedge,2297,2314,99.27,3.85
teddy,2297,2314,99.27,3.85
wheel,2297,2314,99.27,3.85
cluck,2297,2314,99.27,3.87
couch,2297,2314,99.27,3.87
kneed,2297,2314,99.27,3.87
vigil,2297,2314,99.27,3.87
cheek,2297,2314,99.27,3.89
piggy,2297,2314,99.27,3.90
shyly,2297,2314,99.27,3.90
witty,2297,2314,99.27,3.90
geeky,2297,2314,99.27,3.95
maxim,2297,2314,99.27,3.99
vivid,2297,2314,99.27,4.05
mamma,2297,2314,99.27,4.13
irate,2296,2314,99.22,3.57
score,2296,2314,99.22,3.60
cedar,2296,2314,99.22,3.61
grade,2296,2314,99.22,3.62
chore,2296,2314,99.22,3.63
early,2296,2314,99.22,3.65
finer,2296,2314,99.22,3.65
bathe,2296,2314,99.22,3.66
payer,2296,2314,99.22,3.66
avert,2296,2314,99.22,3.67
carve,2296,2314,99.22,3.67
flora,2296,2314,99.22,3.67
other,2296,2314,99.22,3.67
infer,2296,2314,99.22,3.68
curio,2296,2314,99.22,3.69
doing,2296,2314,99.22,3.69
deter,2296,2314,99.22,3.73
duvet,2296,2314,99.22,3.73
foyer,2296,2314,99.22,3.73
peace,2296,2314,99.22,3.73
budge,2296,2314,99.22,3.74
eaten,2296,2314,99.22,3.74
hover,2296,2314,99.22,3.74
ought,2296,2314,99.22,3.74
three,2296,2314,99.22,3.74
drill,2296,2314,99.22,3.75
enter,2296,2314,99.22,3.75
there,2296,2314,99.22,3.75
dried,2296,2314,99.22,3.76
elder,2296,2314,99.22,3.76
exact,2296,2314,99.22,3.76
exist,2296,2314,99.22,3.76
taunt,2296,2314,99.22,3.76
jaunt,2296,2314,99.22,3.77
aroma,2296,2314,99.22,3.79
froze,2296,2314,99.22,3.80
idiot,2296,2314,99.22,3.80
parry,2296,2314,99.22,3.80
silly,2296,2314,99.22,3.80
sixty,2296,2314,99.22,3.80
ahead,2296,2314,99.22,3.81
ivory,2296,2314,99.22,3.81
odder,2296,2314,99.22,3.81
retry,2296,2314,99.22,3.81
segue,2296,2314,99.22,3.82
vogue,2296,2314,99.22,3.82
butte,2296,2314,99.22,3.83
curry,2296,2314,99.22,3.83
revel,2296,2314,99.22,3.83
sunny,2296,2314,99.22,3.83
never,2296,2314,99.22,3.84
staff,2296,2314,99.22,3.84
dodge,2296,2314,99.22,3.85
koala,2296,2314,99.22,3.85
evade,2296,2314,99.22,3.86
fewer,2296,2314,99.22,3.86
offer,2296,2314,99.22,3.86
petty,2296,2314,99.22,3.86
ruddy,2296,2314,99.22,3.86
tenet,2296,2314,99.22,3.87
epoxy,2296,2314,99.22,3.89
revue,2296,2314,99.22,3.89
seize,2296,2314,99.22,3.89
axial,2296,2314,99.22,3.90
radar,2296,2314,99.22,3.91
expel,2296,2314,99.22,3.92
ovoid,2296,2314,99.22,3.92
jewel,2296,2314,99.22,3.97
slyly,2296,2314,99.22,3.98
tatty,2296,2314,99.22,3.98
shush,2296,2314,99.22,4.01
boozy,2296,2314,99.22,4.02
jiffy,2296,2314,99.22,4.08
diner,2295,2314,99.18,3.59
goner,2295,2314,99.18,3.63
utile,2295,2314,99.18,3.63
intro,2295,2314,99.18,3.64
urine,2295,2314,99.18,3.65
gaunt,2295,2314,99.18,3.66
layer,2295,2314,99.18,3.66
lunge,2295,2314,99.18,3.67
abide,2295,2314,99.18,3.69
hinge,2295,2314,99.18,3.69
elate,2295,2314,99.18,3.70
stung,2295,2314,99.18,3.70
angry,2295,2314,99.18,3.71
guide,2295,2314,99.18,3.72
ovate,2295,2314,99.18,3.72
arena,2295,2314,99.18,3.75
corer,2295,2314,99.18,3.75
ardor,2295,2314,99.18,3.76
asset,2295,2314,99.18,3.76
erode,2295,2314,99.18,3.76
genre,2295,2314,99.18,3.76
parer,2295,2314,99.18,3.76
perky,2295,2314,99.18,3.76
dread,2295,2314,99.18,3.77
green,2295,2314,99.18,3.77
young,2295,2314,99.18,3.77
apnea,2295,2314,99.18,3.78
circa,2295,2314,99.18,3.78
puree,2295,2314,99.18,3.78
breed,2295,2314,99.18,3.79
order,2295,2314,99.18,3.79
purer,2295,2314,99.18,3.79
alley,2295,2314,99.18,3.80
awoke,2295,2314,99.18,3.80
boxer,2295,2314,99.18,3.80
friar,2295,2314,99.18,3.80
heavy,2295,2314,99.18,3.80
rumor,2295,2314,99.18,3.80
fixer,2295,2314,99.18,3.81
rigor,2295,2314,99.18,3.81
ember,2295,2314,99.18,3.83
equal,2295,2314,99.18,3.83
loyal,2295,2314,99.18,3.83
rower,2295,2314,99.18,3.83
undue,2295,2314,99.18,3.83
vodka,2295,2314,99.18,3.83
reedy,2295,2314,99.18,3.84
undid,2295,2314,99.18,3.84
fauna,2295,2314,99.18,3.85
happy,2295,2314,99.18,3.89
kiosk,2295,2314,99.18,3.89
awake,2295,2314,99.18,3.91
kebab,2295,2314,99.18,3.92
kitty,2295,2314,99.18,3.92
pizza,2295,2314,99.18,3.98
kappa,2295,2314,99.18,4.03
affix,2295,2314,99.18,4.04
booby,2295,2314,99.18,4.05
fizzy,2295,2314,99.18,4.08
glare,2294,2314,99.14,3.60
atone,2294,2314,99.14,3.61
grace,2294,2314,99.14,3.61
cider,2294,2314,99.14,3.62
debar,2294,2314,99.14,3.63
groan,2294,2314,99.14,3.63
guise,2294,2314,99.14,3.68
clerk,2294,2314,99.14,3.69
vaunt,2294,2314,99.14,3.70
fairy,2294,2314,99.14,3.71
lover,2294,2314,99.14,3.71
wager,2294,2314,99.14,3.72
audio,2294,2314,99.14,3.73
eying,2294,2314,99.14,3.75
eagle,2294,2314,99.14,3.76
glaze,2294,2314,99.14,3.76
racer,2294,2314,99.14,3.76
rider,2294,2314,99.14,3.76
abate,2294,2314,99.14,3.77
linen,2294,2314,99.14,3.77
rebar,2294,2314,99.14,3.77
vague,2294,2314,99.14,3.78
carry,2294,2314,99.14,3.80
inane,2294,2314,99.14,3.80
maize,2294,2314,99.14,3.80
merge,2294,2314,99.14,3.80
octet,2294,2314,99.14,3.80
leech,2294,2314,99.14,3.81
serve,2294,2314,99.14,3.82
verse,2294,2314,99.14,3.82
oxide,2294,2314,99.14,3.83
wooer,2294,2314,99.14,3.83
upper,2294,2314,99.14,3.84
harry,2294,2314,99.14,3.85
icing,2294,2314,99.14,3.85
needy,2294,2314,99.14,3.86
verge,2294,2314,99.14,3.87
tepee,2294,2314,99.14,3.90
widow,2294,2314,99.14,3.91
bezel,2294,2314,99.14,3.92
amaze,2294,2314,99.14,3.93
allay,2294,2314,99.14,3.96
cocoa,2294,2314,99.14,3.97
poppy,2294,2314,99.14,4.03
puppy,2294,2314,99.14,4.06
bobby,2294,2314,99.14,4.07
teary,2293,2314,99.09,3.61
adore,2293,2314,99.09,3.63
anger,2293,2314,99.09,3.64
outer,2293,2314,99.09,3.65
safer,2293,2314,99.09,3.66
taker,2293,2314,99.09,3.67
diary,2293,2314,99.09,3.68
gayer,2293,2314,99.09,3.70
weary,2293,2314,99.09,3.71
agony,2293,2314,99.09,3.72
erase,2293,2314,99.09,3.72
crier,2293,2314,99.09,3.73
surer,2293,2314,99.09,3.77
paper,2293,2314,99.09,3.78
ovary,2293,2314,99.09,3.79
arbor,2293,2314,99.09,3.80
quest,2293,2314,99.09,3.80
druid,2293,2314,99.09,3.81
alloy,2293,2314,99.09,3.82
borax,2293,2314,99.09,3.82
cache,2293,2314,99.09,3.82
annoy,2293,2314,99.09,3.83
aging,2293,2314,99.09,3.84
avian,2293,2314,99.09,3.85
lever,2293,2314,99.09,3.85
ennui,2293,2314,99.09,3.87
karma,2293,2314,99.09,3.87
gooey,2293,2314,99.09,3.88
jerky,2293,2314,99.09,3.91
razor,2293,2314,99.09,3.91
ozone,2293,2314,99.09,3.94
evoke,2293,2314,99.09,3.97
tweet,2293,2314,99.09,3.97
dizzy,2293,2314,99.09,4.02
mammy,2293,2314,99.09,4.04
woozy,2293,2314,99.09,4.05
mummy,2293,2314,99.09,4.06
fuzzy,2293,2314,99.09,4.09
grate,2292,2314,99.05,3.58
aider,2292,2314,99.05,3.61
argue,2292,2314,99.05,3.67
cyber,2292,2314,99.05,3.73
overt,2292,2314,99.05,3.73
flyer,2292,2314,99.05,3.74
scree,2292,2314,99.05,3.75
algae,2292,2314,99.05,3.76
axion,2292,2314,99.05,3.79
gazer,2292,2314,99.05,3.80
agape,2292,2314,99.05,3.81
defer,2292,2314,99.05,3.81
zebra,2292,2314,99.05,3.81
again,2292,2314,99.05,3.82
augur,2292,2314,99.05,3.83
aware,2292,2314,99.05,3.83
diode,2292,2314,99.05,3.83
furor,2292,2314,99.05,3.84
sever,2292,2314,99.05,3.84
vixen,2292,2314,99.05,3.87
quirk,2292,2314,99.05,3.88
fever,2292,2314,99.05,3.89
melee,2292,2314,99.05,3.90
sense,2292,2314,99.05,3.90
hussy,2292,2314,99.05,3.91
cacao,2292,2314,99.05,3.95
onion,2292,2314,99.05,3.96
ninja,2292,2314,99.05,3.97
nanny,2292,2314,99.05,3.98
sassy,2292,2314,99.05,3.99
sissy,2292,2314,99.05,4.01
aorta,2291,2314,99.01,3.72
retro,2291,2314,99.01,3.76
egret,2291,2314,99.01,3.77
sheer,2291,2314,99.01,3.77
agate,2291,2314,99.01,3.78
greed,2291,2314,99.01,3.78
squat,2291,2314,99.01,3.79
envoy,2291,2314,99.01,3.81
gorge,2291,2314,99.01,3.82
testy,2291,2314,99.01,3.82
agora,2291,2314,99.01,3.84
going,2291,2314,99.01,3.84
juice,2291,2314,99.01,3.84
outgo,2291,2314,99.01,3.86
gaffe,2291,2314,99.01,3.87
essay,2291,2314,99.01,3.88
heave,2291,2314,99.01,3.88
hurry,2291,2314,99.01,3.88
abbey,2291,2314,99.01,3.89
gouge,2291,2314,99.01,3.89
excel,2291,2314,99.01,3.90
khaki,2291,2314,99.01,3.95
level,2291,2314,99.01,3.99
terra,2290,2314,98.96,3.73
graze,2290,2314,98.96,3.76
otter,2290,2314,98.96,3.79
ether,2290,2314,98.96,3.80
quite,2290,2314,98.96,3.81
theta,2290,2314,98.96,3.81
quote,2290,2314,98.96,3.82
udder,2290,2314,98.96,3.83
gauze,2290,2314,98.96,3.84
joker,2290,2314,98.96,3.85
rover,2290,2314,98.96,3.85
enjoy,2290,2314,98.96,3.87
quake,2290,2314,98.96,3.90
quell,2290,2314,98.96,3.94
emcee,2290,2314,98.96,3.96
daddy,2290,2314,98.96,4.01
buyer,2289,2314,98.92,3.73
greet,2289,2314,98.92,3.74
cheer,2289,2314,98.92,3.78
extra,2289,2314,98.92,3.78
quart,2289,2314,98.92,3.79
roger,2289,2314,98.92,3.79
adage,2289,2314,98.92,3.82
dryer,2289,2314,98.92,3.83
quota,2289,2314,98.92,3.83
merry,2289,2314,98.92,3.84
berry,2289,2314,98.92,3.85
where,2289,2314,98.92,3.85
issue,2289,2314,98.92,3.86
exert,2289,2314,98.92,3.89
rotor,2289,2314,98.92,3.89
array,2289,2314,98.92,3.95
ninny,2289,2314,98.92,4.00
eater,2288,2314,98.88,3.74
judge,2288,2314,98.88,3.86
eerie,2288,2314,98.88,3.89
quark,2288,2314,98.88,3.90
freer,2288,2314,98.88,3.93
assay,2288,2314,98.88,3.99
jazzy,2288,2314,98.88,4.16
truer,2287,2314,98.83,3.74
inner,2287,2314,98.83,3.78
eager,2287,2314,98.83,3.80
quiet,2287,2314,98.83,3.80
payee,2287,2314,98.83,3.84
gauge,2287,2314,98.83,3.86
annex,2287,2314,98.83,3.92
geese,2287,2314,98.83,3.93
juror,2287,2314,98.83,3.94
teeth,2287,2314,98.83,3.94
refer,2287,2314,98.83,3.95
queen,2287,2314,98.83,3.96
verve,2287,2314,98.83,4.01
agree,2286,2314,98.79,3.79
utter,2286,2314,98.79,3.80
union,2286,2314,98.79,3.86
ferry,2286,2314,98.79,3.87
query,2286,2314,98.79,3.87
rarer,2286,2314,98.79,3.92
every,2286,2314,98.79,3.93
leery,2285,2314,98.75,3.82
kayak,2284,2314,98.70,4.10
azure,2282,2314,98.62,3.80
error,2282,2314,98.62,3.91
queer,2279,2314,98.49,3.95
queue,2270,2314,98.10,4.14
